пгт.Алексеевское, ул.Казакова, 10А;160064@bristol.ru
пгт.Алексеевское, ул.Советская, 20;160063@bristol.ru
пгт.Алексеевское, ул.Ленина, 70;160103@bristol.ru
г.Болгар, ул.Гордеева, 6;160133@bristolcapital.ru
с.Высокая Гора, ул.Б.Красная, 214А;160146@bristolcapital.ru
с.Высокая Гора, ул.Б.Красная, 139;160154@bristolcapital.ru
г.Казань, ул.Баумана, 40;160068@bristol.ru
г.Казань, пр.А.Камалеева, 28/9;160021@bristol.ru
г.Казань, ул.Даурская, 37;160080@bristol.ru
г.Казань, ул.Карбышева, 15;160024@bristol.ru
г.Казань, ул.Татарстан, 7;160009@bristol.ru
г.Казань, ул.Бигичева, 15а;160037@bristol.ru
г.Казань, ул.Бигичева, 25а;160035@bristol.ru
г.Казань, ул.Ак.Завойского, 13;160057@bristol.ru
г.Казань, ул.Глушко, 41А;160079@bristol.ru
г.Казань, ул.Дубравная, 47а;160091@bristol.ru
г.Казань, пр.Победы, 39;160025@bristol.ru
г.Казань, ул.Спартаковская, 165;160060@bristol.ru
г.Казань, ул.Б.Шахиди, 1/15;160087@bristol.ru
г.Казань, ул.Н.Назарбаева, 66;160065@bristol.ru
г.Казань, ул.Тульская, 28;160174@bristol.ru
г.Казань, ул.Фучика, 149;160165@bristol.ru
г.Лаишево, ул.Чернышевского, 37А;160096@bristol.ru
г.Лаишево, ул.Лебедевой, 40;160117@bristol.ru
г.Лаишево, ул.Горького, 41А;160122@bristol.ru
пгт.Рыбная Слобода, ул.Советская, 82;160046@bristol.ru
пгт.Рыбная Слобода, ул.З.Шаймарданова, 48А;160112@bristol.ru
с.Базарные Матаки, ул.Советская, 1а;160090@bristol.ru
с.Базарные Матаки, ул.60 лет Октября, 32/1;160116@bristol.ru
п.Столбище, ул.Советская, 61;160166@bristol.ru
г.Чистополь, ул.Ленина, 41А;160011@bristol.ru
г.Чистополь, ул.Вахитова, 94Б;160124@bristol.ru
г.Чистополь, ул.Базарная, 32;160135@bristolcapital.ru
г.Чистополь, ул.Мира, 48Е;160134@bristolcapital.ru
г.Чистополь, ул.К.Маркса, 160Б;160147@bristol.ru
г.Чистополь, ул.К.Маркса, 84;160150@bristol.ru
г.Чистополь, ул.Энгельса, 127;160152@bristol.ru
г.Чистополь, ул.Энгельса, 107А;160162@bristol.ru
г.Чистополь, ул.Некрасова, 1а;160170@bristol.ru
г.Азнакаево, ул.Тукая, 4;160084@bristol.ru
г.Азнакаево, ул.Шайхутдинова, 7;160073@bristol.ru
г.Бавлы, ул.Энгельса, 51;160142@bristolcapital.ru
пгт.Джалиль, ул.30 лет Победы, 5/1;160160@bristol.ru
пгт.Карабаш, ул.Советская, 160;160107@bristol.ru
г.Лениногорск, ул.Ленинградская, 10б;160013@bristol.ru
г.Лениногорск, ул.Октябрьская, 125;160119@bristol.ru
г.Лениногорск, ул.Тукая, 14;160066@bristol.ru
г.Лениногорск, ул.Строительная, 23;160125@bristol.ru
г.Лениногорск, ул.Мурзина, 17;160129@bristol.ru
пгт.Нижняя Мактама, ул.Гагарина, 4Б;160093@bristol.ru
с.Новошешминск, ул.Ленина, 75А;160176@bristol.ru
г.Нурлат, ул.Чапаева, 4;160041@bristol.ru
г.Нурлат, мкр. 50 лет Победы, 1а;160159@bristol.ru
пгт.Русский Акташ, ул. Автодорожная, 16А;160137@bristolcapital.ru
пгт.Уруссу, ул. Уруссинская, 53В;160115@bristol.ru
с.Черемшан, ул.Гагарина, 45;160140@bristolcapital.ru
с.Черемшан, ул.Советская, 33а;160071@bristol.ru
с.Шугурово, ул.Ленина, 31;160072@bristol.ru
Альметьевск, Герцена, 88А;160001@bristol.ru
Альметьевск, Шевченко, 114Г;160002@bristol.ru
Альметьевск, Строителей 68;160118@bristol.ru
Альметьевск,  просп.Строителей, 20;160014@bristol.ru
Альметьевск, Ленина 43;160120@bristol.ru
Альметьевск, Тукая 31 В;160139@bristolcapital.ru
Апастово, Октябрьская, д.45;160126@bristol.ru
Арск, Банковская 28;160145@bristolcapital.ru
Арск, Большая 70/5;160067@bristol.ru
Арск, Интернациональная 39;160045@bristol.ru
Арск, Коммуны 6;160105@bristol.ru
Арск, Астрономическая, 12;160028@bristol.ru
Балтаси, Космонавтов, 6;160003@bristol.ru
Балтаси, Ленина, 130а;160030@bristol.ru
Большие Кайбицы, Гарафутдинова 14 б;160136@bristolcapital.ru
Буинск Вахитова 76;160059@bristol.ru
Буинск, Ефремова 133;160148@bristol.ru
Буинск, Космовского 79 б;160043@bristol.ru
Васильево, Дзержинского 2;160102@bristol.ru
Зеленодольск ,Гоголя, 35;160053@bristol.ru
Зеленодольск, Гоголя 21;160155@bristol.ru
Зеленодольск,  Королева д. 3А;160036@bristol.ru
Зеленодольск, Ленина 19;160054@bristol.ru
Зеленодольск, Ленина 35;160099@bristol.ru
Зеленодольск, Столичная, 10 ;160026@bristol.ru
Зеленодольск, Заикина 16;160158@bristol.ru
Казань, Амирхана, 71;160022@bristol.ru
Казань, Лаврентьева 9 а ;160132@bristol.ru
Казань, Амирхана,23;160048@bristol.ru
Казань, Гаврилова, 30;160172@bristol.ru
Казань, Баруди, 18;160031@bristol.ru
Казань, Болотникова;160141@bristolcapital.ru
Казань, Дементьева д.33а;160130@bristol.ru
Казань, Краснококшайская, 119;160006@bristol.ru
Казань, Бирюзовая 15б;160085@bristol.ru
Казань, просп. Ямашева, 100;160081@bristol.ru
Казань, просп. Ямашева, 17;160010@bristol.ru
Казань, Серова 17;160034@bristol.ru
Казань, Фрунзе, 19;160049@bristol.ru
Казань, Чуйкова, 62;160007@bristol.ru
Казань,Восстания,129;160050@bristol.ru
Камское Устье, К.Маркса, д.98;160113@bristol.ru
Кукмор, Гафиятуллина, 12Б;160019@bristol.ru
Кукмор, Ленина 10;160143@bristolcapital.ru
Ленино-Кокушкино, Центральная 21;160062@bristol.ru
Пестрецы, Мелиораторов 10;160047@bristol.ru
Тетюши,  Воробъева 10;160111@bristol.ru
Тетюши, Горького 57А;160110@bristol.ru
Тетюши, Ленина 47;160044@bristol.ru
Тюлячи, Ф.Хусни, д.4;160138@bristolcapital.ru
г.Наб.Челны, пр.Мира д.50/15;160015@bristol.ru
г.Наб.Челны, ул.Ш.Усманова д.62/3;160017@bristol.ru
г.Наб.Челны, Раскольникова д.32;160038@bristol.ru
г.Наб.Челны, Х.Туфана д.8;160039@bristol.ru
г.Наб.Челны, тракт Сармановский д.56;160040@bristol.ru
г.Наб.Челны, пр.Вахитова д.54В;160058@bristol.ru
г.Наб.Челны пр.М.Джалиля д.53;160078@bristol.ru
г.Наб.Челны пр.Чулман д.67;160094@bristol.ru
г.Наб.Челны, пр.Х.Туфана д.26;160076@bristol.ru
г.Наб.Челны ул.Гидростроителей д.9;160101@bristol.ru
г.Наб.Челны пр.Раиса Беляева д.76;160106@bristol.ru
г.Наб.Челны ул.Ш.Усманова д.36;160131@bristolcapital.ru
г.Нижнекамск, б-р Школьный д.3;160012@bristol.ru
г.Нижнекамск, пр.Мира д.63Б;160018@bristol.ru
г.Нижнекамск, пр.Химиков д.1;160020@bristol.ru
г.Нижнекамск, пр.Мира д.48;160008@bristol.ru
г.Нижнекамск ул.Гагарина д.24Б;160086@bristol.ru
г.Нижнекамск ул.Корабельная д.10;160083@bristol.ru
г.Нижнекамск ул.Менделеева д.15;160082@bristol.ru
г.Нижнекамск ул.Тихая Аллея д.14;160092@bristol.ru
г.Нижнекамск пр.Строителей д.5а;160089@bristol.ru
г.Нижнекамск пр.Химиков 16Д;160144@bristolcapital.ru
г.Нижнекамск ул.Чулман д.9;160149@bristol.ru
г.Нижнекамск ул.Юности д.18А;160163@bristol.ru
г.Нижнекамск ул.Химиков д.50Б;160156@bristol.ru
г.Заинск пр.Нефтяников д.48;160097@bristol.ru
г.Заинск, ул.Тукая д.2;160033@bristol.ru
г.Заинск, ул.Т.Ялчыгола стр.5В;160056@bristol.ru
г.Заинск, ул.Советская д.54;160074@bristol.ru
г.Заинск пр.Победы д.1/04а;160128@bristol.ru
г.Заинск ул.Шоссейная д.10А;160168@bristol.ru
г.Менделеевск, ул.Юбилейная д.7;160016@bristol.ru
г.Менделеевск, ул.Тукая д.2;160100@bristol.ru
г.Мензелинск ул.Шашина д.6а;160095@bristol.ru
г.Мензелинск ул.К.Маркса д.43;160109@bristol.ru
г.Мамадыш ул.8 Марта д.12а;160127@bristol.ru
с.Актаныш ул.Вахитова д.36а;160123@bristol.ru
с.Актаныш пр.Ленина д.50а;160104@bristol.ru
г.Агрыз ул.Гагарина д.8а;160088@bristol.ru
г.Агрыз ул.Карла Маркса д.158;160164@bristol.ru
г.Елабуга пр.Мира д.47/16а;160108@bristol.ru
Бугульма,  Мусы Джалиля, 62;160004@bristol.ru
Бугульма,  Мусы Джалиля, 43;160153@bristol.ru
Бугульма, Гафиатуллина 12;160042@bristol.ru
Бугульма, Гафиатуллина 37;160157@bristol.ru
Бугульма, Кирова, 51 ;160027@bristol.ru
Бугульма, Ленина, 132 ;160023@bristol.ru
Бугульма, Хусаина Ямашева д.4;160098@bristol.ru
Бугульма, Ягофарова, 20;160069@bristol.ru
Бугульма, Якупова 40 ;160029@bristol.ru
Бугульма, Советская 127;160114@bristol.ru
Бугульма, ул. Деповская, д. 63;160121@bristol.ru
Бугульма, ул. Ф.Энгельса д.42/1;160161@bristol.ru
Бугульма, ул. Свободы д.28;160167@bristol.ru
Бугульма, ул. Гафиатуллина д.11А;160169@bristol.ru
Бугульма, ул. Хусаина Ямашева д.10;160175@bristol.ru
